{"is_source_file": true, "format": "bash", "description": "This is a shell script that automates the process of restoring various types of databases (SQLite, PostgreSQL, MySQL, MongoDB) from backup files. It detects the backup type and attempts to restore accordingly, reporting success or failure.", "external_files": ["database_backup.db", "database_backup.sql", "database_backup.archive"], "external_methods": ["cp", "ls", "sudo -u postgres pg_isready", "psql", "mysqladmin", "mysql", "mongosh", "mongorestore"], "published": [], "classes": [], "methods": [], "calls": ["cp", "ls", "sudo -u postgres pg_isready", "psql", "mysqladmin ping", "mysql -h", "mysql -P", "mysql -u", "mysql -p", "mysql --socket", "mongosh --port", "mongosh --eval", "mongorestore --port", "echo"], "search-terms": ["restore_db.sh", "database restore script", "detect backup type", "SQLite restore", "PostgreSQL restore", "MySQL restore", "MongoDB restore", "database backup files", "database restoration automation"], "state": 2, "file_id": 4, "knowledge_revision": 13, "git_revision": "b1e6d228603ca9d87314002f07d60a553e0bb636", "hash": "d42c3e6cbc3bbd627e3c08afcf4183ec", "format-version": 4, "code-base-name": "database", "filename": "database/restore_db.sh", "revision_history": [{"13": "b1e6d228603ca9d87314002f07d60a553e0bb636"}]}