{"is_source_file": false, "format": "", "description": "", "external_files": [], "external_methods": [], "published": [], "classes": [], "methods": [], "calls": [], "search-terms": ["index.html", "HTML", "Database Viewer UI", "JavaScript DOM manipulation", "fetch API calls", "database visualization"], "state": 2, "file_id": 8, "knowledge_revision": 15, "git_revision": "b1e6d228603ca9d87314002f07d60a553e0bb636", "hash": "ee63333a4841bf025439c755a74c9881", "format-version": 4, "code-base-name": "database", "filename": "database/db_visualizer/public/index.html", "revision_history": [{"15": "b1e6d228603ca9d87314002f07d60a553e0bb636"}]}