{"is_source_file": true, "format": "Python", "description": "This Python script initializes an SQLite database for a simple notes application. It creates tables, triggers, inserts initial data, and generates auxiliary files with connection details and environment variables.", "external_files": ["db_connection.txt", "db_visualizer/sqlite.env"], "external_methods": ["os.path.exists", "os.getcwd", "os.makedirs", "sqlite3.connect", "sqlite3.Cursor.execute", "sqlite3.Cursor.fetchone", "open"], "published": [], "classes": [], "methods": [{"name": "main logic in __main__", "description": "Executes the sequence of database initialization, schema creation, data insertion, and file writing when the script runs."}], "calls": ["os.path.exists", "os.getcwd", "os.makedirs", "sqlite3.connect", "cursor.execute", "cursor.fetchone", "conn.commit", "conn.close", "with open", "print", "subprocess.run"], "search-terms": ["init_db", "SQLite schema creation", "database setup script", "sqlite trigger for timestamp", "database initial data", "connection info", "environment variable file", "script for notes app"], "state": 2, "file_id": 2, "knowledge_revision": 20, "git_revision": "93d7532fb942028b9d5167a0b375246c3e5bf7ac", "revision_history": [{"18": "b1e6d228603ca9d87314002f07d60a553e0bb636"}, {"20": "93d7532fb942028b9d5167a0b375246c3e5bf7ac"}], "ctags": [{"_type": "tag", "name": "DB_NAME", "path": "/home/kavia/workspace/code-generation/simple-notes-app-312494-312507/database/init_db.py", "pattern": "/^DB_NAME = \"myapp.db\"$/", "language": "Python", "kind": "variable"}, {"_type": "tag", "name": "DB_PASSWORD", "path": "/home/kavia/workspace/code-generation/simple-notes-app-312494-312507/database/init_db.py", "pattern": "/^DB_PASSWORD = \"kaviadefaultpassword\"  # Not used for SQLite, but kept for consistency$/", "language": "Python", "kind": "variable"}, {"_type": "tag", "name": "DB_PORT", "path": "/home/kavia/workspace/code-generation/simple-notes-app-312494-312507/database/init_db.py", "pattern": "/^DB_PORT = \"5000\"  # Not used for SQLite, but kept for consistency$/", "language": "Python", "kind": "variable"}, {"_type": "tag", "name": "DB_USER", "path": "/home/kavia/workspace/code-generation/simple-notes-app-312494-312507/database/init_db.py", "pattern": "/^DB_USER = \"kaviasqlite\"  # Not used for SQLite, but kept for consistency$/", "language": "Python", "kind": "variable"}, {"_type": "tag", "name": "conn", "path": "/home/kavia/workspace/code-generation/simple-notes-app-312494-312507/database/init_db.py", "pattern": "/^conn = sqlite3.connect(DB_NAME)$/", "language": "Python", "kind": "variable"}, {"_type": "tag", "name": "connection_string", "path": "/home/kavia/workspace/code-generation/simple-notes-app-312494-312507/database/init_db.py", "pattern": "/^connection_string = f\"sqlite:\\/\\/\\/{current_dir}\\/{DB_NAME}\"$/", "language": "Python", "kind": "variable"}, {"_type": "tag", "name": "current_dir", "path": "/home/kavia/workspace/code-generation/simple-notes-app-312494-312507/database/init_db.py", "pattern": "/^current_dir = os.getcwd()$/", "language": "Python", "kind": "variable"}, {"_type": "tag", "name": "cursor", "path": "/home/kavia/workspace/code-generation/simple-notes-app-312494-312507/database/init_db.py", "pattern": "/^cursor = conn.cursor()$/", "language": "Python", "kind": "variable"}, {"_type": "tag", "name": "db_exists", "path": "/home/kavia/workspace/code-generation/simple-notes-app-312494-312507/database/init_db.py", "pattern": "/^db_exists = os.path.exists(DB_NAME)$/", "language": "Python", "kind": "variable"}, {"_type": "tag", "name": "db_path", "path": "/home/kavia/workspace/code-generation/simple-notes-app-312494-312507/database/init_db.py", "pattern": "/^db_path = os.path.abspath(DB_NAME)$/", "language": "Python", "kind": "variable"}, {"_type": "tag", "name": "record_count", "path": "/home/kavia/workspace/code-generation/simple-notes-app-312494-312507/database/init_db.py", "pattern": "/^record_count = cursor.fetchone()[0]$/", "language": "Python", "kind": "variable"}, {"_type": "tag", "name": "result", "path": "/home/kavia/workspace/code-generation/simple-notes-app-312494-312507/database/init_db.py", "pattern": "/^    result = subprocess.run(['which', 'sqlite3'], capture_output=True, text=True)$/", "language": "Python", "kind": "variable"}, {"_type": "tag", "name": "table_count", "path": "/home/kavia/workspace/code-generation/simple-notes-app-312494-312507/database/init_db.py", "pattern": "/^table_count = cursor.fetchone()[0]$/", "language": "Python", "kind": "variable"}], "hash": "16784f03f770682c9b9296f46de27699", "format-version": 4, "code-base-name": "database", "filename": "database/init_db.py", "fields": [{"name": "DB_NAME = \"myapp.db\"", "scope": "", "scopeKind": "", "description": "unavailable"}, {"name": "DB_PASSWORD = \"kaviadefaultpassword\"  # Not used for SQLite, but kept for consistency", "scope": "", "scopeKind": "", "description": "unavailable"}, {"name": "DB_PORT = \"5000\"  # Not used for SQLite, but kept for consistency", "scope": "", "scopeKind": "", "description": "unavailable"}, {"name": "DB_USER = \"kaviasqlite\"  # Not used for SQLite, but kept for consistency", "scope": "", "scopeKind": "", "description": "unavailable"}, {"name": "conn = sqlite3.connect(DB_NAME)", "scope": "", "scopeKind": "", "description": "unavailable"}, {"name": "connection_string = f\"sqlite:\\/\\/\\/{current_dir}\\/{DB_NAME}\"", "scope": "", "scopeKind": "", "description": "unavailable"}, {"name": "current_dir = os.getcwd()", "scope": "", "scopeKind": "", "description": "unavailable"}, {"name": "cursor = conn.cursor()", "scope": "", "scopeKind": "", "description": "unavailable"}, {"name": "db_exists = os.path.exists(DB_NAME)", "scope": "", "scopeKind": "", "description": "unavailable"}, {"name": "db_path = os.path.abspath(DB_NAME)", "scope": "", "scopeKind": "", "description": "unavailable"}, {"name": "record_count = cursor.fetchone()[0]", "scope": "", "scopeKind": "", "description": "unavailable"}, {"name": "result = subprocess.run(['which', 'sqlite3'], capture_output=True, text=True)", "scope": "", "scopeKind": "", "description": "unavailable"}, {"name": "table_count = cursor.fetchone()[0]", "scope": "", "scopeKind": "", "description": "unavailable"}]}