{"is_source_file": true, "format": "bash", "description": "A shell script that detects and backs up various types of databases (SQLite, PostgreSQL, MySQL, MongoDB). It performs checks for database presence, executes backups with appropriate commands, and provides status messages.", "external_files": ["/usr/lib/postgresql/", "/var/run/mysqld/mysqld.sock"], "external_methods": ["ls", "cp", "sudo -u postgres pg_isready", "pg_dump", "mysqladmin", "mysql", "mysqldump", "mongosh", "mongodump"], "published": [], "classes": [], "methods": [], "calls": ["ls /usr/lib/postgresql/", "cp", "sudo -u postgres pg_isready", "pg_dump", "mysqladmin ping -h localhost -P ${DB_PORT} --silent", "mysqladmin ping --socket=/var/run/mysqld/mysqld.sock --silent", "mysql -h localhost -P ${DB_PORT} -u ${DB_USER} -p${DB_PASSWORD}", "mysqldump", "mysql -h localhost -P ${DB_PORT} -u root -p${DB_PASSWORD}", "sudo mysql --socket=/var/run/mysqld/mysqld.sock -u root -p${DB_PASSWORD}", "mongosh --port ${DB_PORT} --eval \"db.adminCommand('ping')\"", "mongodump --port ${DB_PORT} --db ${DB_NAME} --archive=database_backup.archive --quiet"], "search-terms": ["backup_db.sh", "shell script", "database backup", "SQLite", "PostgreSQL", "MySQL", "MongoDB", "database detection", "security credentials", "database backup script"], "state": 2, "file_id": 3, "knowledge_revision": 14, "git_revision": "b1e6d228603ca9d87314002f07d60a553e0bb636", "hash": "d7da372b768c895a33088027314656c3", "format-version": 4, "code-base-name": "database", "filename": "database/backup_db.sh", "revision_history": [{"14": "b1e6d228603ca9d87314002f07d60a553e0bb636"}]}